{
	"map_view":{
		"camera":{
			"x":111.32800,
			"y":38.01493,
			"z":3000
		},
		"tilt":70
	}
}
